{"Arsenal":{"age":26.6785714286,"market_value":19.6428571429},"Bournemouth":{"age":26.875,"market_value":4.8958333333},"Brighton+and+Hove":{"age":28.3181818182,"market_value":2.5227272727},"Burnley":{"age":27.9444444444,"market_value":3.9583333333},"Chelsea":{"age":27.05,"market_value":27.6775},"Crystal+Palace":{"age":28.0476190476,"market_value":7.7261904762},"Everton":{"age":26.2142857143,"market_value":10.0982142857},"Huddersfield":{"age":26.0,"market_value":1.7910714286},"Leicester+City":{"age":27.25,"market_value":8.6458333333},"Liverpool":{"age":24.7777777778,"market_value":16.3148148148},"Manchester+City":{"age":27.0,"market_value":28.2},"Manchester+United":{"age":25.56,"market_value":20.564},"Newcastle+United":{"age":26.4285714286,"market_value":5.2023809524},"Southampton":{"age":24.9565217391,"market_value":10.0},"Stoke+City":{"age":28.0454545455,"market_value":6.8181818182},"Swansea":{"age":27.0,"market_value":5.56},"Tottenham":{"age":25.65,"market_value":23.0},"Watford":{"age":28.0416666667,"market_value":5.1666666667},"West+Brom":{"age":28.2105263158,"market_value":5.3289473684},"West+Ham":{"age":27.3636363636,"market_value":8.8181818182}}